{"cameraMode":{"drawMode":0,"name":"Shaded","section":"Shading Mode"},"sceneLighting":true,"audioPlay":false,"sceneViewState":{"m_AlwaysRefresh":false,"showFog":true,"showSkybox":true,"showFlares":true,"showImageEffects":true,"showParticleSystems":true,"showVisualEffectGraphs":true,"m_FxEnabled":true},"in2DMode":false,"pivot":{"x":-69.5691909790039,"y":16.086769104003908,"z":275.42694091796877},"rotation":{"x":0.017425324767827989,"y":0.17221204936504365,"z":0.0030471959616988899,"w":-0.9849414825439453},"size":140.23220825195313,"orthographic":false}