{"cameraMode":{"drawMode":0,"name":"Shaded","section":"Shading Mode"},"sceneLighting":true,"audioPlay":false,"sceneViewState":{"m_AlwaysRefresh":false,"showFog":true,"showSkybox":true,"showFlares":true,"showImageEffects":true,"showParticleSystems":true,"showVisualEffectGraphs":true,"m_FxEnabled":true},"in2DMode":false,"pivot":{"x":-31.982505798339845,"y":0.710045576095581,"z":-3.0618515014648439},"rotation":{"x":0.00007574244227726012,"y":0.9998767375946045,"z":-0.007807535585016012,"w":0.014431573450565339},"size":17.402231216430665,"orthographic":false}