{"cameraMode":{"drawMode":0,"name":"Shaded","section":"Shading Mode"},"sceneLighting":true,"audioPlay":false,"sceneViewState":{"m_AlwaysRefresh":false,"showFog":true,"showSkybox":true,"showFlares":true,"showImageEffects":true,"showParticleSystems":true,"showVisualEffectGraphs":true,"m_FxEnabled":true},"in2DMode":false,"pivot":{"x":-23.421010971069337,"y":-156.92701721191407,"z":213.68597412109376},"rotation":{"x":0.3403291404247284,"y":0.025384964421391488,"z":-0.009190172888338566,"w":0.9399217963218689},"size":133.44790649414063,"orthographic":false}