{"cameraMode":{"drawMode":0,"name":"Shaded","section":"Shading Mode"},"sceneLighting":true,"audioPlay":false,"sceneViewState":{"m_AlwaysRefresh":false,"showFog":true,"showSkybox":true,"showFlares":true,"showImageEffects":true,"showParticleSystems":true,"showVisualEffectGraphs":true,"m_FxEnabled":true},"in2DMode":false,"pivot":{"x":363.0357360839844,"y":318.3381042480469,"z":-316.5126037597656},"rotation":{"x":-0.0841897651553154,"y":-0.02150743640959263,"z":0.0018292671302333475,"w":-0.9962316751480103},"size":10.449999809265137,"orthographic":false}