{"cameraMode":{"drawMode":0,"name":"Shaded","section":"Shading Mode"},"sceneLighting":true,"audioPlay":false,"sceneViewState":{"m_AlwaysRefresh":false,"showFog":true,"showSkybox":true,"showFlares":true,"showImageEffects":true,"showParticleSystems":true,"showVisualEffectGraphs":true,"m_FxEnabled":true},"in2DMode":false,"pivot":{"x":1.6667498350143433,"y":1.475100040435791,"z":1.330626130104065},"rotation":{"x":-0.011384659446775914,"y":0.9633237719535828,"z":0.041030820459127429,"w":0.26535066962242129},"size":1.0387318134307862,"orthographic":false}