{"cameraMode":{"drawMode":0,"name":"Shaded","section":"Shading Mode"},"sceneLighting":false,"audioPlay":false,"sceneViewState":{"m_AlwaysRefresh":false,"showFog":true,"showSkybox":false,"showFlares":true,"showImageEffects":true,"showParticleSystems":true,"showVisualEffectGraphs":true,"m_FxEnabled":true},"in2DMode":false,"pivot":{"x":-2.0899999141693117,"y":0.9380000233650208,"z":-7.739999771118164},"rotation":{"x":-0.019072985276579858,"y":0.11848147958517075,"z":-0.0022762834560126068,"w":-0.9927720427513123},"size":0.1732049435377121,"orthographic":false}