{"cameraMode":{"drawMode":0,"name":"Shaded","section":"Shading Mode"},"sceneLighting":false,"audioPlay":false,"sceneViewState":{"m_AlwaysRefresh":false,"showFog":true,"showSkybox":false,"showFlares":true,"showImageEffects":true,"showParticleSystems":true,"showVisualEffectGraphs":true,"m_FxEnabled":true},"in2DMode":false,"pivot":{"x":-0.8686095476150513,"y":0.7353395819664002,"z":-6.546673774719238},"rotation":{"x":-0.03881925716996193,"y":-0.8551449179649353,"z":-0.060608651489019397,"w":0.5138348937034607},"size":0.1732049435377121,"orthographic":false}