{"cameraMode":{"drawMode":0,"name":"Shaded","section":"Shading Mode"},"sceneLighting":false,"audioPlay":false,"sceneViewState":{"m_AlwaysRefresh":false,"showFog":true,"showSkybox":false,"showFlares":true,"showImageEffects":true,"showParticleSystems":true,"showVisualEffectGraphs":true,"m_FxEnabled":true},"in2DMode":false,"pivot":{"x":58.07548141479492,"y":0.025360822677612306,"z":-5.318914413452148},"rotation":{"x":0.05215246230363846,"y":-0.7313725352287293,"z":0.056287605315446857,"w":0.6776530146598816},"size":2.598076105117798,"orthographic":false}