{"cameraMode":{"drawMode":0,"name":"Shaded","section":"Shading Mode"},"sceneLighting":true,"audioPlay":false,"sceneViewState":{"m_AlwaysRefresh":false,"showFog":true,"showSkybox":true,"showFlares":true,"showImageEffects":true,"showParticleSystems":true,"showVisualEffectGraphs":true,"m_FxEnabled":true},"in2DMode":false,"pivot":{"x":80.9989013671875,"y":2.9468765258789064,"z":-22.715097427368165},"rotation":{"x":-0.006173824891448021,"y":0.9810386896133423,"z":-0.19283297657966615,"w":-0.026597602292895318},"size":0.8660253882408142,"orthographic":false}