{"cameraMode":{"drawMode":0,"name":"Shaded","section":"Shading Mode"},"sceneLighting":true,"audioPlay":false,"sceneViewState":{"m_AlwaysRefresh":false,"showFog":true,"showSkybox":true,"showFlares":true,"showImageEffects":true,"showParticleSystems":true,"showVisualEffectGraphs":true,"m_FxEnabled":true},"in2DMode":false,"pivot":{"x":727.1229858398438,"y":176.96157836914063,"z":-669.567626953125},"rotation":{"x":0.06834271550178528,"y":0.00441745575517416,"z":0.0015280508669093252,"w":-0.997849702835083},"size":0.8660253882408142,"orthographic":false}