{"cameraMode":{"drawMode":0,"name":"Shaded","section":"Shading Mode"},"sceneLighting":true,"audioPlay":false,"sceneViewState":{"m_AlwaysRefresh":false,"showFog":true,"showSkybox":true,"showFlares":true,"showImageEffects":true,"showParticleSystems":true,"showVisualEffectGraphs":true,"m_FxEnabled":true},"in2DMode":false,"pivot":{"x":-113.3317642211914,"y":19.53156089782715,"z":138.4027099609375},"rotation":{"x":0.022729594260454179,"y":0.4582226872444153,"z":0.011537080630660057,"w":-0.8885703682899475},"size":114.3510971069336,"orthographic":false}