{"cameraMode":{"drawMode":0,"name":"Shaded","section":"Shading Mode"},"sceneLighting":true,"audioPlay":false,"sceneViewState":{"m_AlwaysRefresh":false,"showFog":true,"showSkybox":true,"showFlares":true,"showImageEffects":true,"showParticleSystems":true,"showVisualEffectGraphs":true,"m_FxEnabled":true},"in2DMode":false,"pivot":{"x":-252.88922119140626,"y":-71.99671173095703,"z":-109.62854766845703},"rotation":{"x":0.043214548379182819,"y":-0.7900247573852539,"z":0.05602105334401131,"w":0.6090239882469177},"size":26.445798873901368,"orthographic":false}