{"cameraMode":{"drawMode":0,"name":"Shaded","section":"Shading Mode"},"sceneLighting":false,"audioPlay":false,"sceneViewState":{"m_AlwaysRefresh":false,"showFog":true,"showSkybox":true,"showFlares":true,"showImageEffects":true,"showParticleSystems":true,"showVisualEffectGraphs":true,"m_FxEnabled":true},"in2DMode":false,"pivot":{"x":461.1303405761719,"y":93.92967224121094,"z":-560.9025268554688},"rotation":{"x":0.03096999228000641,"y":-0.22738485038280488,"z":0.0072424570098519329,"w":0.9733002781867981},"size":12.461819648742676,"orthographic":false}