{"cameraMode":{"drawMode":0,"name":"Shaded","section":"Shading Mode"},"sceneLighting":true,"audioPlay":false,"sceneViewState":{"m_AlwaysRefresh":false,"showFog":true,"showSkybox":true,"showFlares":true,"showImageEffects":true,"showParticleSystems":true,"showVisualEffectGraphs":true,"m_FxEnabled":true},"in2DMode":false,"pivot":{"x":-19.679101943969728,"y":-1.3833810091018677,"z":98.67513275146485},"rotation":{"x":0.027857806533575059,"y":-0.24779926240444184,"z":0.007336987182497978,"w":0.968458354473114},"size":52.21208953857422,"orthographic":false}