{"cameraMode":{"drawMode":0,"name":"Shaded","section":"Shading Mode"},"sceneLighting":false,"audioPlay":false,"sceneViewState":{"m_AlwaysRefresh":false,"showFog":true,"showSkybox":true,"showFlares":true,"showImageEffects":true,"showParticleSystems":true,"showVisualEffectGraphs":true,"m_FxEnabled":true},"in2DMode":false,"pivot":{"x":74.66706085205078,"y":20.13836097717285,"z":21.570295333862306},"rotation":{"x":-0.08030930161476135,"y":0.8812750577926636,"z":-0.16201183199882508,"w":-0.43684348464012148},"size":10.449999809265137,"orthographic":false}