{"cameraMode":{"drawMode":0,"name":"Shaded","section":"Shading Mode"},"sceneLighting":false,"audioPlay":false,"sceneViewState":{"m_AlwaysRefresh":false,"showFog":true,"showSkybox":false,"showFlares":true,"showImageEffects":true,"showParticleSystems":true,"showVisualEffectGraphs":true,"m_FxEnabled":true},"in2DMode":false,"pivot":{"x":-0.42145347595214846,"y":2.3810064792633058,"z":-0.08990979194641113},"rotation":{"x":0.040228717029094699,"y":0.8205544352531433,"z":-0.05820039287209511,"w":0.5671738982200623},"size":3.4327011108398439,"orthographic":false}