{"cameraMode":{"drawMode":0,"name":"Shaded","section":"Shading Mode"},"sceneLighting":true,"audioPlay":false,"sceneViewState":{"m_AlwaysRefresh":false,"showFog":true,"showSkybox":true,"showFlares":true,"showImageEffects":true,"showParticleSystems":true,"showVisualEffectGraphs":true,"m_FxEnabled":true},"in2DMode":false,"pivot":{"x":-0.05313023924827576,"y":3.3819503784179689,"z":-9.576546669006348},"rotation":{"x":-0.18316306173801423,"y":0.2990177571773529,"z":-0.058584894984960559,"w":-0.9347137212753296},"size":0.000699794152751565,"orthographic":false}