{"cameraMode":{"drawMode":0,"name":"Shaded","section":"Shading Mode"},"sceneLighting":true,"audioPlay":false,"sceneViewState":{"m_AlwaysRefresh":false,"showFog":true,"showSkybox":true,"showFlares":true,"showImageEffects":true,"showParticleSystems":true,"showVisualEffectGraphs":true,"m_FxEnabled":true},"in2DMode":false,"pivot":{"x":-5.5913920402526859,"y":1.3018677234649659,"z":-2.4643454551696779},"rotation":{"x":0.005213661585003138,"y":0.4949612617492676,"z":-0.00297005707398057,"w":0.8689039349555969},"size":0.0003997941385023296,"orthographic":false}