{"cameraMode":{"drawMode":0,"name":"Shaded","section":"Shading Mode"},"sceneLighting":false,"audioPlay":false,"sceneViewState":{"m_AlwaysRefresh":false,"showFog":true,"showSkybox":true,"showFlares":true,"showImageEffects":true,"showParticleSystems":true,"showVisualEffectGraphs":true,"m_FxEnabled":true},"in2DMode":false,"pivot":{"x":1517.2969970703125,"y":403.57037353515627,"z":-533.9893798828125},"rotation":{"x":0.07808517664670944,"y":-0.05150587484240532,"z":0.005303958896547556,"w":0.9959315657615662},"size":12.996231079101563,"orthographic":false}