{"cameraMode":{"drawMode":0,"name":"Shaded","section":"Shading Mode"},"sceneLighting":true,"audioPlay":false,"sceneViewState":{"m_AlwaysRefresh":false,"showFog":true,"showSkybox":true,"showFlares":true,"showImageEffects":true,"showParticleSystems":true,"showVisualEffectGraphs":true,"m_FxEnabled":true},"in2DMode":false,"pivot":{"x":50.70939254760742,"y":4.961625099182129,"z":19.046375274658204},"rotation":{"x":-0.00742844445630908,"y":-0.9841907620429993,"z":0.17179107666015626,"w":-0.04255223646759987},"size":1.2204633951187134,"orthographic":false}