{"cameraMode":{"drawMode":0,"name":"Shaded","section":"Shading Mode"},"sceneLighting":false,"audioPlay":false,"sceneViewState":{"m_AlwaysRefresh":false,"showFog":true,"showSkybox":true,"showFlares":true,"showImageEffects":true,"showParticleSystems":true,"showVisualEffectGraphs":true,"m_FxEnabled":true},"in2DMode":false,"pivot":{"x":92.91567993164063,"y":4.513440132141113,"z":-110.39859771728516},"rotation":{"x":-0.000023685386622673832,"y":-0.9993249177932739,"z":0.0009086499339900911,"w":-0.037816811352968219},"size":39.21138381958008,"orthographic":false}