{"cameraMode":{"drawMode":0,"name":"Shaded","section":"Shading Mode"},"sceneLighting":true,"audioPlay":false,"sceneViewState":{"m_AlwaysRefresh":false,"showFog":true,"showSkybox":true,"showFlares":true,"showImageEffects":true,"showParticleSystems":true,"showVisualEffectGraphs":true,"m_FxEnabled":true},"in2DMode":false,"pivot":{"x":267.3139343261719,"y":3.6850481033325197,"z":-101.94713592529297},"rotation":{"x":0.16797290742397309,"y":0.6304380297660828,"z":-0.1429080069065094,"w":0.7445918321609497},"size":10.281904220581055,"orthographic":false}