{"cameraMode":{"drawMode":0,"name":"Shaded","section":"Shading Mode"},"sceneLighting":false,"audioPlay":false,"sceneViewState":{"m_AlwaysRefresh":false,"showFog":true,"showSkybox":false,"showFlares":true,"showImageEffects":true,"showParticleSystems":true,"showVisualEffectGraphs":true,"m_FxEnabled":true},"in2DMode":false,"pivot":{"x":15.48574447631836,"y":0.5521396994590759,"z":-16.311819076538087},"rotation":{"x":-0.06152796372771263,"y":-0.9279171228408814,"z":0.17721690237522126,"w":-0.32219094038009646},"size":1.2522614002227784,"orthographic":false}